Rides,Bus,Scenarios,Objective Value,Savings,Time,Gap
3,2,10,63.821562199721996,,0.18899846076965332,0.0
4,2,10,54.19065761391702,,0.9829955101013184,0.0
5,2,10,70.5099788037702,,3.1219959259033203,0.0
6,2,10,65.31932118985355,,7.130603075027466,0.0
